scene_id,safe_directory,filename,valid_pixels,nan_count,zero_count,valid_percentage,real_mean,real_std,real_min,real_max,imag_mean,imag_std,imag_min,imag_max,amplitude_mean,amplitude_std,amplitude_min,amplitude_max,amplitude_median,phase_mean,phase_std,phase_min,phase_max,phase_circular_mean,phase_circular_variance,phase_circular_std
335f9a411884e9cbv,S1B_IW_SLC__1SDV_20201018T054753_20201018T054820_023863_02D58D_8CE7.SAFE,s1b-iw1-slc-vh-20201018t054754-20201018t054819-023863-02d58d-001_SARFish.tiff,285029283,0,36226849,100.0,-0.0027574815,14.997891,-3529.0,2966.0,0.029089043,15.006471,-3668.0,5422.0,15.748271,14.217105,0.0,6096.8047,13.892444,0.078970045,1.7004949,-3.1389046,3.1415927,0.010266005,0.8735023438930511,2.0334854313641126
335f9a411884e9cbv,S1B_IW_SLC__1SDV_20201018T054753_20201018T054820_023863_02D58D_8CE7.SAFE,s1b-iw2-slc-vh-20201018t054755-20201018t054820-023863-02d58d-002_SARFish.tiff,331309224,0,34412972,100.0,-0.0071014264,23.07619,-6541.0,9334.0,0.0011237991,23.071266,-6570.0,7978.0,22.926825,23.21976,0.0,9894.857,15.811388,0.068502165,1.7210786,-3.138719,3.1415927,-0.01389306,0.8952171206474304,2.1240832777445897
335f9a411884e9cbv,S1B_IW_SLC__1SDV_20201018T054753_20201018T054820_023863_02D58D_8CE7.SAFE,s1b-iw3-slc-vh-20201018t054753-20201018t054818-023863-02d58d-003_SARFish.tiff,318382830,0,31162632,100.0,0.002565823,18.202345,-4646.0,5784.0,0.0094051175,18.201643,-4255.0,5127.0,18.143103,18.260683,0.0,6370.0454,13.341663,0.08405993,1.7275264,-3.1384773,3.1415927,0.0012314179,0.9013760909438133,2.1524133252753788
3808f5703f0920bfv,S1A_IW_SLC__1SDV_20200421T050338_20200421T050406_032221_03BA14_7DD2.SAFE,s1a-iw3-slc-vh-20200421t050338-20200421t050406-032221-03ba14-003_SARFish.tiff,341956342,0,20759728,100.0,0.004107416,30.860744,-3417.0,5118.0,0.02912461,30.86008,-3412.0,3533.0,32.41209,29.226326,0.0,5437.0166,24.186773,0.0667002,1.7640727,-3.140158,3.1415927,0.03744345,0.9409502036869526,2.378812386777371
3808f5703f0920bfv,S1A_IW_SLC__1SDV_20200421T050338_20200421T050406_032221_03BA14_7DD2.SAFE,s1a-iw1-slc-vh-20200421t050339-20200421t050404-032221-03ba14-001_SARFish.tiff,272711592,0,22474879,100.0,-0.0024438456,23.275122,-4129.0,5132.0,-0.021248551,23.280958,-5154.0,5009.0,23.730442,22.816694,0.0,5646.9604,18.248287,0.061542723,1.7411201,-3.1404703,3.1415927,-0.018338349,0.916789136826992,2.229967431463891
3808f5703f0920bfv,S1A_IW_SLC__1SDV_20200421T050338_20200421T050406_032221_03BA14_7DD2.SAFE,s1a-iw2-slc-vh-20200421t050340-20200421t050405-032221-03ba14-002_SARFish.tiff,319875216,0,21123659,100.0,0.007942119,29.154968,-3392.0,9421.0,-0.011557466,29.145586,-3628.0,5485.0,30.725517,27.484999,0.0,9758.181,22.472204,0.062660724,1.7580546,-3.1407459,3.1415927,0.023923026,0.9349161982536316,2.337554098552182
75c03770095c6d9ev,S1A_IW_SLC__1SDV_20200522T050603_20200522T050631_032673_03C8C7_E420.SAFE,s1a-iw1-slc-vh-20200522t050603-20200522t050631-032673-03c8c7-001_SARFish.tiff,282946062,0,4621361,100.0,-0.007241044,48.99372,-2494.0,2712.0,0.011336016,48.99293,-4288.0,1773.0,58.668594,36.860218,0.0,4804.009,52.630787,0.028952356,1.8011508,-3.1387837,3.1415927,0.011373945,0.983775669708848,2.8709731080587098
75c03770095c6d9ev,S1A_IW_SLC__1SDV_20200522T050603_20200522T050631_032673_03C8C7_E420.SAFE,s1a-iw2-slc-vh-20200522t050604-20200522t050629-032673-03c8c7-002_SARFish.tiff,303170754,0,4978227,100.0,-0.02191589,29.064295,-5274.0,3040.0,-0.008624001,29.073814,-4295.0,6535.0,28.525614,29.602545,0.0,8397.696,17.20465,0.08216438,1.806077,-3.1397374,3.1415927,0.14412034,0.9855636265128851,2.911358555936001
75c03770095c6d9ev,S1A_IW_SLC__1SDV_20200522T050603_20200522T050631_032673_03C8C7_E420.SAFE,s1a-iw3-slc-vh-20200522t050605-20200522t050630-032673-03c8c7-003_SARFish.tiff,292915987,0,5419037,100.0,-0.0005517282,18.651726,-2339.0,2306.0,0.024530523,18.659992,-3357.0,3085.0,16.917995,20.245092,0.0,3499.6401,10.770329,0.122357994,1.8050016,-3.138719,3.1415927,0.15660822,0.98284912109375,2.8515630305169437
cdc04ca397865356v,S1A_IW_SLC__1SDV_20200706T074222_20200706T074242_033331_03DC92_2526.SAFE,s1a-iw3-slc-vh-20200706t074223-20200706t074242-033331-03dc92-003_SARFish.tiff,226466718,0,3530375,100.0,-0.0120264115,10.435357,-2702.0,2934.0,0.031068137,10.461019,-4615.0,4995.0,11.832416,8.85014,0.0,5678.9814,10.0,0.131264,1.8077515,-3.1376646,3.1415927,0.19293791,0.9856390850618482,2.9131580812018267
cdc04ca397865356v,S1A_IW_SLC__1SDV_20200706T074222_20200706T074242_033331_03DC92_2526.SAFE,s1a-iw1-slc-vh-20200706t074224-20200706t074240-033331-03dc92-001_SARFish.tiff,168649796,0,2073534,100.0,-0.0012866841,13.838416,-541.0,550.0,-0.002837027,13.839003,-308.0,848.0,17.059765,9.590873,0.0,875.07715,16.03122,0.08352809,1.8078935,-3.1309547,3.1415927,-0.014814662,0.9877373119816184,2.966881905777375
cdc04ca397865356v,S1A_IW_SLC__1SDV_20200706T074222_20200706T074242_033331_03DC92_2526.SAFE,s1a-iw2-slc-vh-20200706t074222-20200706t074241-033331-03dc92-002_SARFish.tiff,233942912,0,3077314,100.0,-0.0001854384,13.89444,-4572.0,5090.0,0.016946334,13.89534,-3916.0,4140.0,15.855235,11.608069,0.0,5100.3657,13.601471,0.09956111,1.8080883,-3.1379826,3.1415927,0.13240539,0.9873251197859645,2.9557175711216854
487b4884f467c94av,S1A_IW_SLC__1SDV_20200807T050319_20200807T050346_033796_03EB07_85FB.SAFE,s1a-iw1-slc-vh-20200807t050320-20200807t050345-033796-03eb07-001_SARFish.tiff,272689308,0,22264607,100.0,-0.014877521,28.420334,-3397.0,3656.0,0.012348453,28.424438,-3779.0,2693.0,29.436272,27.371046,0.0,4323.2905,21.954498,0.054648444,1.7416754,-3.139829,3.1415927,-0.0064199236,0.9178920164704323,2.235942765690552
487b4884f467c94av,S1A_IW_SLC__1SDV_20200807T050319_20200807T050346_033796_03EB07_85FB.SAFE,s1a-iw2-slc-vh-20200807t050321-20200807t050346-033796-03eb07-002_SARFish.tiff,319849108,0,21822876,100.0,-0.010294116,21.085,-3368.0,3567.0,-0.0009921304,21.090822,-2540.0,4457.0,20.128078,22.005938,0.0,4516.3867,13.928389,0.08807479,1.757879,-3.1401112,3.1415927,0.024051687,0.9332324415445328,2.3266018001673006
487b4884f467c94av,S1A_IW_SLC__1SDV_20200807T050319_20200807T050346_033796_03EB07_85FB.SAFE,s1a-iw3-slc-vh-20200807t050319-20200807t050345-033796-03eb07-003_SARFish.tiff,308240920,0,20814067,100.0,0.008781715,11.969252,-1358.0,1628.0,0.014201648,11.965633,-1805.0,1797.0,11.597099,12.326689,0.0,1905.229,9.219544,0.12539594,1.7582631,-3.1384966,3.1415927,0.021767993,0.9323829337954521,2.321161290883674
6a2b6ddecd398c6fv,S1B_IW_SLC__1SDV_20200511T062006_20200511T062033_021530_028E04_7727.SAFE,s1b-iw1-slc-vh-20200511t062007-20200511t062032-021530-028e04-001_SARFish.tiff,282193200,0,33513249,100.0,0.0011876508,12.789495,-1415.0,1462.0,-0.0005780614,12.788759,-1537.0,1423.0,14.830626,10.352574,0.0,1752.5575,14.142136,0.07643862,1.7078474,-3.1373732,3.1415927,-0.00020552624,0.8811874911189079,2.064077800851843
6a2b6ddecd398c6fv,S1B_IW_SLC__1SDV_20200511T062006_20200511T062033_021530_028E04_7727.SAFE,s1b-iw2-slc-vh-20200511t062008-20200511t062033-021530-028e04-002_SARFish.tiff,328574136,0,32917522,100.0,-0.0027521704,9.654141,-741.0,483.0,0.00021351346,9.654335,-435.0,954.0,11.301122,7.66121,0.0,1201.6643,10.630146,0.10164487,1.7271746,-3.1281707,3.1415927,-0.0001760926,0.9000297486782074,2.1461046684791913
6a2b6ddecd398c6fv,S1B_IW_SLC__1SDV_20200511T062006_20200511T062033_021530_028E04_7727.SAFE,s1b-iw3-slc-vh-20200511t062006-20200511t062031-021530-028e04-003_SARFish.tiff,315773326,0,30204424,100.0,0.0040290956,9.05082,-1707.0,1368.0,0.0069683753,9.048845,-1389.0,1683.0,10.076665,7.8904705,0.0,1713.4038,9.0,0.11969055,1.7312318,-3.1374433,3.1415927,0.004428735,0.9037629812955856,2.163765784697405
9c418af4acd217d1v,S1B_IW_SLC__1SDV_20200527T054812_20200527T054838_021763_0294E5_89D9.SAFE,s1b-iw1-slc-vh-20200527t054812-20200527t054838-021763-0294e5-001_SARFish.tiff,284959440,0,35306939,100.0,-0.012453077,24.487099,-5590.0,6625.0,-0.04506076,24.491205,-4729.0,5853.0,25.66355,23.255545,0.0,6730.669,20.615528,0.051597223,1.7028698,-3.1398585,3.1415927,-0.009379925,0.877006433904171,2.0472533957191676
9c418af4acd217d1v,S1B_IW_SLC__1SDV_20200527T054812_20200527T054838_021763_0294E5_89D9.SAFE,s1b-iw2-slc-vh-20200527t054813-20200527t054838-021763-0294e5-002_SARFish.tiff,331093000,0,35207995,100.0,-0.00040550542,9.124156,-3141.0,1723.0,-0.00025820843,9.118703,-1115.0,2170.0,10.599201,7.3524733,0.0,3236.3992,10.0,0.106397174,1.7213062,-3.138413,3.1415927,-0.00032155967,0.8936996087431908,2.1173031492708208
9c418af4acd217d1v,S1B_IW_SLC__1SDV_20200527T054812_20200527T054838_021763_0294E5_89D9.SAFE,s1b-iw3-slc-vh-20200527t054812-20200527t054837-021763-0294e5-003_SARFish.tiff,318201075,0,33085765,100.0,0.007250956,7.017716,-547.0,363.0,0.003910952,7.0181255,-962.0,401.0,8.079795,5.7636614,0.0,1054.9564,7.28011,0.13797538,1.7238363,-3.1266685,3.1415927,0.0032748603,0.8954205811023712,2.1249981208330633
5c3d986db930f848v,S1B_IW_SLC__1SDV_20200803T075720_20200803T075748_022756_02B2FF_E5D2.SAFE,s1b-iw3-slc-vh-20200803t075722-20200803t075747-022756-02b2ff-003_SARFish.tiff,290289848,0,5331284,100.0,-0.0008442321,13.978048,-1791.0,1381.0,0.0063587963,13.975252,-914.0,1406.0,13.854785,14.097484,0.0,1791.4031,10.0,0.12387159,1.8025063,-3.1388605,3.1415927,-0.00045229276,0.9802530612796545,2.801698342488168
5c3d986db930f848v,S1B_IW_SLC__1SDV_20200803T075720_20200803T075748_022756_02B2FF_E5D2.SAFE,s1b-iw1-slc-vh-20200803t075720-20200803t075748-022756-02b2ff-001_SARFish.tiff,279535935,0,3830712,100.0,-0.007010079,21.904808,-5198.0,5195.0,-0.0325207,21.910852,-6519.0,5284.0,24.9014,18.43459,0.0,6778.019,20.615528,0.066165864,1.8070937,-3.13908,3.1415927,-0.04097336,0.9874104522168636,2.9580021468231488
5c3d986db930f848v,S1B_IW_SLC__1SDV_20200803T075720_20200803T075748_022756_02B2FF_E5D2.SAFE,s1b-iw2-slc-vh-20200803t075721-20200803t075746-022756-02b2ff-002_SARFish.tiff,299990055,0,4519704,100.0,-0.018925028,17.779003,-1155.0,2480.0,0.0021998629,17.77809,-2489.0,1397.0,19.262346,16.159203,0.0,2684.2402,15.0,0.08755928,1.8052961,-3.1386771,3.1415927,-0.06741247,0.9844700628891587,2.886168980277151
c5ea6da5405bfac0v,S1B_IW_SLC__1SDV_20200929T170920_20200929T170947_023593_02CD35_0989.SAFE,s1b-iw1-slc-vh-20200929t170921-20200929t170946-023593-02cd35-001_SARFish.tiff,272050740,0,23380837,100.0,-0.0006812479,12.183211,-2298.0,1244.0,0.0001826277,12.182538,-1216.0,1786.0,14.4293,9.414802,0.0,2390.6245,13.601471,0.083824605,1.7396046,-3.1373553,3.1415927,0.00039638122,0.9140738323330879,2.215521097604418
c5ea6da5405bfac0v,S1B_IW_SLC__1SDV_20200929T170920_20200929T170947_023593_02CD35_0989.SAFE,s1b-iw2-slc-vh-20200929t170922-20200929t170947-023593-02cd35-002_SARFish.tiff,318983808,0,22487677,100.0,-0.01470062,19.224201,-4753.0,8691.0,-0.0009544936,19.221823,-5689.0,3705.0,19.515759,18.925798,0.0,9615.105,14.142136,0.080796525,1.7537671,-3.139677,3.1415927,-0.017939255,0.9290458932518959,2.300313889349206
c5ea6da5405bfac0v,S1B_IW_SLC__1SDV_20200929T170920_20200929T170947_023593_02CD35_0989.SAFE,s1b-iw3-slc-vh-20200929t170920-20200929t170945-023593-02cd35-003_SARFish.tiff,307118600,0,19661292,100.0,-0.019791031,22.412153,-4511.0,18695.0,0.017286325,22.393045,-9933.0,15757.0,23.366816,21.39485,0.0,21798.328,18.027758,0.074857384,1.7596486,-3.1396434,3.1415927,0.003816309,0.9357779696583748,2.343249442722905
4a97701b4bd81bf7v,S1A_IW_SLC__1SDV_20200403T054834_20200403T054901_031959_03B0CA_FD46.SAFE,s1a-iw1-slc-vh-20200403t054835-20200403t054900-031959-03b0ca-001_SARFish.tiff,279659520,0,30317747,100.0,0.024663683,19.551304,-2301.0,2929.0,0.0010126636,19.557734,-2922.0,3613.0,21.845615,16.956701,0.0,3745.9163,19.723083,0.05694272,1.715618,-3.139267,3.1415927,-0.0030006692,0.8905676081776619,2.103543841564372
4a97701b4bd81bf7v,S1A_IW_SLC__1SDV_20200403T054834_20200403T054901_031959_03B0CA_FD46.SAFE,s1a-iw2-slc-vh-20200403t054836-20200403t054901-031959-03b0ca-002_SARFish.tiff,326312160,0,28914815,100.0,0.0023660627,18.755056,-7714.0,9088.0,0.013009611,18.746836,-5688.0,5911.0,19.741228,17.70544,0.0,9218.683,16.40122,0.07316297,1.7368127,-3.1401045,3.1415927,0.0137481075,0.9118206575512886,2.203806958878699
4a97701b4bd81bf7v,S1A_IW_SLC__1SDV_20200403T054834_20200403T054901_031959_03B0CA_FD46.SAFE,s1a-iw3-slc-vh-20200403t054834-20200403t054859-031959-03b0ca-003_SARFish.tiff,313826661,0,26220039,100.0,0.0014715003,15.953796,-6074.0,2594.0,0.017083,15.954958,-4806.0,3228.0,16.415665,15.479245,0.0,6372.0444,13.152946,0.08927304,1.7422698,-3.1388378,3.1415927,0.014641383,0.9167517423629761,2.2297659427059164
f298dbd78ef977d5v,S1A_IW_SLC__1SDV_20200427T054835_20200427T054902_032309_03BD1A_0BE5.SAFE,s1a-iw1-slc-vh-20200427t054836-20200427t054901-032309-03bd1a-001_SARFish.tiff,279808854,0,30610909,100.0,0.021035302,16.997046,-2700.0,2807.0,0.0016472995,17.002836,-2221.0,3225.0,18.372267,15.506613,0.0,3391.9355,16.124516,0.06773622,1.7152398,-3.1398036,3.1415927,-0.0049549513,0.8894457891583443,2.098689725745586
f298dbd78ef977d5v,S1A_IW_SLC__1SDV_20200427T054835_20200427T054902_032309_03BD1A_0BE5.SAFE,s1a-iw2-slc-vh-20200427t054837-20200427t054902-032309-03bd1a-002_SARFish.tiff,326217952,0,29448606,100.0,0.002018304,18.877956,-6290.0,5638.0,0.014752425,18.885918,-6362.0,8277.0,17.858185,19.85305,0.0,9307.107,13.038404,0.089844644,1.7364933,-3.139002,3.1415927,0.022858744,0.910656750202179,2.197848760993587
f298dbd78ef977d5v,S1A_IW_SLC__1SDV_20200427T054835_20200427T054902_032309_03BD1A_0BE5.SAFE,s1a-iw3-slc-vh-20200427t054835-20200427t054900-032309-03bd1a-003_SARFish.tiff,313724329,0,27302251,100.0,0.009559635,16.101387,-5388.0,2702.0,0.010680224,16.104847,-4600.0,4322.0,14.556642,17.513536,0.0,5648.3247,9.899495,0.11460742,1.7404928,-3.1398351,3.1415927,0.021648245,0.9137115180492401,2.213621085474553
39268d50efe8dae9v,S1B_IW_SLC__1SDV_20200221T054744_20200221T054811_020363_026919_0E4E.SAFE,s1b-iw1-slc-vh-20200221t054745-20200221t054810-020363-026919-001_SARFish.tiff,285110160,0,36064316,100.0,-0.0033350864,16.351646,-6768.0,3362.0,0.02532703,16.350039,-5058.0,5213.0,17.359043,15.276218,0.0,6878.503,15.264338,0.07165259,1.7006261,-3.138487,3.1415927,0.008037052,0.8740161657333374,2.035486025367245
39268d50efe8dae9v,S1B_IW_SLC__1SDV_20200221T054744_20200221T054811_020363_026919_0E4E.SAFE,s1b-iw2-slc-vh-20200221t054745-20200221t054811-020363-026919-002_SARFish.tiff,331405074,0,34163030,100.0,-0.009746471,24.884268,-7361.0,7029.0,0.0062851273,24.886032,-7994.0,9071.0,24.730217,25.039183,0.0,10252.857,17.464249,0.0634629,1.7217425,-3.1397545,3.1415927,-0.009177669,0.896299384534359,2.1289655838951687
39268d50efe8dae9v,S1B_IW_SLC__1SDV_20200221T054744_20200221T054811_020363_026919_0E4E.SAFE,s1b-iw3-slc-vh-20200221t054744-20200221t054809-020363-026919-003_SARFish.tiff,318512655,0,31109206,100.0,0.00025752196,20.40088,-4396.0,5095.0,0.0083248215,20.396988,-4186.0,4840.0,19.384811,21.364912,0.0,6340.206,13.416409,0.08320955,1.7281377,-3.1391478,3.1415927,0.0017483366,0.9019636735320091,2.155187783350197
a9a58462f221a9eev,S1B_IW_SLC__1SDV_20200402T170911_20200402T170938_020968_027C5A_2EF6.SAFE,s1b-iw1-slc-vh-20200402t170912-20200402t170937-020968-027c5a-001_SARFish.tiff,271949586,0,22982794,100.0,0.044428438,15.5582285,-1939.0,1471.0,-0.01962346,15.554904,-1283.0,1160.0,18.408957,12.046854,0.0,2131.419,17.464249,0.06619261,1.7382195,-3.135911,3.1415927,-0.008671754,0.9137697741389275,2.2139261571854023
a9a58462f221a9eev,S1B_IW_SLC__1SDV_20200402T170911_20200402T170938_020968_027C5A_2EF6.SAFE,s1b-iw2-slc-vh-20200402t170913-20200402t170938-020968-027c5a-002_SARFish.tiff,318881178,0,21786435,100.0,-0.018396875,19.98884,-4859.0,3655.0,0.0079402495,19.99289,-3921.0,3980.0,21.86823,17.917984,0.0,5593.5967,18.384775,0.06696909,1.7559621,-3.140154,3.1415927,0.0027141091,0.9322674125432968,2.3204257643650976
a9a58462f221a9eev,S1B_IW_SLC__1SDV_20200402T170911_20200402T170938_020968_027C5A_2EF6.SAFE,s1b-iw3-slc-vh-20200402t170911-20200402t170936-020968-027c5a-003_SARFish.tiff,307018300,0,19050976,100.0,0.0056709256,23.602512,-5031.0,16334.0,0.004896503,23.664139,-6978.0,21432.0,25.45625,21.657589,0.0,22862.6,21.023798,0.061295055,1.7606379,-3.1399887,3.1415927,0.0022520195,0.9377250149846077,2.3563511870915494
a6073537a4ea5fb9v,S1B_IW_SLC__1SDV_20200807T054751_20200807T054818_022813_02B4C5_01F5.SAFE,s1b-iw1-slc-vh-20200807t054752-20200807t054817-022813-02b4c5-001_SARFish.tiff,285122407,0,36251947,100.0,-0.005644383,15.442755,-3559.0,5988.0,0.02520423,15.435463,-3574.0,3649.0,15.802779,15.066625,0.0,5988.0337,13.453625,0.07964117,1.700683,-3.1387107,3.1415927,0.008933814,0.8736073970794678,2.0338939599596304
a6073537a4ea5fb9v,S1B_IW_SLC__1SDV_20200807T054751_20200807T054818_022813_02B4C5_01F5.SAFE,s1b-iw2-slc-vh-20200807t054753-20200807t054818-022813-02b4c5-002_SARFish.tiff,331161831,0,34509348,100.0,-0.0071602515,25.927328,-6012.0,6147.0,-0.00082691596,25.952112,-8083.0,7901.0,25.069864,26.781378,0.0,9928.239,15.297058,0.0692748,1.7202715,-3.1400518,3.1415927,-0.018069565,0.8942937478423119,2.119948696468765
a6073537a4ea5fb9v,S1B_IW_SLC__1SDV_20200807T054751_20200807T054818_022813_02B4C5_01F5.SAFE,s1b-iw3-slc-vh-20200807t054751-20200807t054816-022813-02b4c5-003_SARFish.tiff,318278970,0,31488917,100.0,-0.009020417,21.01559,-6104.0,5292.0,0.01253392,21.006365,-4937.0,5386.0,20.117704,21.867916,0.0,6129.543,12.806249,0.087937884,1.7259405,-3.1391945,3.1415927,-0.0019863856,0.8994913995265961,2.1436006989617753
eeddcc0db3cff0d8v,S1B_IW_SLC__1SDV_20200807T054816_20200807T054843_022813_02B4C5_5575.SAFE,s1b-iw1-slc-vh-20200807t054817-20200807t054842-022813-02b4c5-001_SARFish.tiff,284982721,0,35284549,100.0,-0.010800252,27.668879,-4746.0,5344.0,-0.048072144,27.698694,-4898.0,6548.0,28.824894,26.493616,0.0,6572.073,22.022717,0.049247142,1.7029833,-3.1402376,3.1415927,-0.009378242,0.8771986216306686,2.048017108730361
eeddcc0db3cff0d8v,S1B_IW_SLC__1SDV_20200807T054816_20200807T054843_022813_02B4C5_5575.SAFE,s1b-iw2-slc-vh-20200807t054818-20200807t054843-022813-02b4c5-002_SARFish.tiff,331147056,0,35688341,100.0,0.0007048953,8.301817,-1462.0,873.0,-0.00053632364,8.301024,-1281.0,1128.0,9.635459,6.707128,0.0,1764.8674,9.055386,0.11515862,1.7201581,-3.1299653,3.1415927,-0.0004167634,0.892175480723381,2.1105687360637138
eeddcc0db3cff0d8v,S1B_IW_SLC__1SDV_20200807T054816_20200807T054843_022813_02B4C5_5575.SAFE,s1b-iw3-slc-vh-20200807t054816-20200807t054841-022813-02b4c5-003_SARFish.tiff,318253005,0,33519335,100.0,0.0068514044,6.721348,-413.0,571.0,0.0042493236,6.7222047,-395.0,485.0,7.707176,5.5645237,0.0,660.5036,7.071068,0.14377907,1.7226458,-3.1319776,3.1415927,0.0037563166,0.8940353617072105,2.1187967536027075
e40c9251a4fce150v,S1B_IW_SLC__1SDV_20200831T054752_20200831T054819_023163_02BFB2_13D6.SAFE,s1b-iw1-slc-vh-20200831t054753-20200831t054818-023163-02bfb2-001_SARFish.tiff,285052564,0,36161037,100.0,-0.0056864917,15.546129,-3073.0,5735.0,0.025327742,15.54499,-3317.0,3415.0,16.284792,14.769451,0.0,6034.6587,14.21267,0.07654164,1.700815,-3.137391,3.1415927,0.008854434,0.8739174455404282,2.0351011731376083
e40c9251a4fce150v,S1B_IW_SLC__1SDV_20200831T054752_20200831T054819_023163_02BFB2_13D6.SAFE,s1b-iw2-slc-vh-20200831t054754-20200831t054819-023163-02bfb2-002_SARFish.tiff,331120028,0,34371173,100.0,-0.0069929324,24.073702,-8798.0,6508.0,0.00060576823,24.09179,-8437.0,8206.0,23.821499,24.341106,0.0,9378.639,16.03122,0.0675615,1.7207311,-3.1399798,3.1415927,-0.01518311,0.8949401751160622,2.1228402343451394
e40c9251a4fce150v,S1B_IW_SLC__1SDV_20200831T054752_20200831T054819_023163_02BFB2_13D6.SAFE,s1b-iw3-slc-vh-20200831t054752-20200831t054817-023163-02bfb2-003_SARFish.tiff,318278970,0,31639586,100.0,-0.0063863094,18.700981,-4972.0,4267.0,0.0133408345,18.70914,-4574.0,5890.0,18.11366,19.278326,0.0,6204.0874,12.041595,0.09175269,1.7255929,-3.1384282,3.1415927,-0.0014194993,0.8989748731255531,2.141208075898559
204e657a411faf4dv,S1B_IW_SLC__1SDV_20200922T060415_20200922T060442_023484_02C9BF_EA4B.SAFE,s1b-iw1-slc-vh-20200922t060416-20200922t060441-023484-02c9bf-001_SARFish.tiff,283436356,0,34652040,100.0,-0.026570307,15.968278,-3642.0,3815.0,-0.017080698,15.977657,-3948.0,3459.0,16.270828,15.669446,0.0,5212.861,13.892444,0.07689542,1.7061527,-3.13932,3.1415927,-0.0005879758,0.8790776282548904,2.055532288773853
204e657a411faf4dv,S1B_IW_SLC__1SDV_20200922T060415_20200922T060442_023484_02C9BF_EA4B.SAFE,s1b-iw2-slc-vh-20200922t060416-20200922t060442-023484-02c9bf-002_SARFish.tiff,329772192,0,34599218,100.0,-0.0019359213,8.485606,-1318.0,910.0,-0.00012530772,8.485525,-956.0,971.0,9.886965,6.8012133,0.0,1378.8215,9.219544,0.11326345,1.72299,-3.1330822,3.1415927,-2.3551305e-05,0.8952009752392769,2.1240107404892212
204e657a411faf4dv,S1B_IW_SLC__1SDV_20200922T060415_20200922T060442_023484_02C9BF_EA4B.SAFE,s1b-iw3-slc-vh-20200922t060415-20200922t060440-023484-02c9bf-003_SARFish.tiff,316984962,0,32319220,100.0,0.006299602,6.928771,-1677.0,1449.0,0.0054777362,6.9296794,-1906.0,1619.0,7.948265,5.7317743,0.0,2230.0737,7.2111025,0.14072098,1.7257985,-3.1363018,3.1415927,0.0050820205,0.8974721506237984,2.1343012046459298
9ea5029406691ce4v,S1B_IW_SLC__1SDV_20200905T055556_20200905T055623_023236_02C208_B2C6.SAFE,s1b-iw1-slc-vh-20200905t055557-20200905t055622-023236-02c208-001_SARFish.tiff,283995683,0,34283905,100.0,0.013615217,34.08707,-4116.0,9479.0,-0.008316084,34.091274,-5853.0,4777.0,36.37655,31.636597,0.0,9678.506,29.73214,0.040711593,1.7038944,-3.1398036,3.1415927,0.0013679335,0.8792829141020775,2.0563587255932725
9ea5029406691ce4v,S1B_IW_SLC__1SDV_20200905T055556_20200905T055623_023236_02C208_B2C6.SAFE,s1b-iw2-slc-vh-20200905t055558-20200905t055623-023236-02c208-002_SARFish.tiff,330294237,0,33231915,100.0,0.0055978876,23.667536,-7872.0,6932.0,0.011818244,23.650906,-9801.0,4632.0,22.991814,24.30832,0.0,11688.616,16.124516,0.06944449,1.7237865,-3.1409223,3.1415927,-0.005840814,0.8982423767447472,2.1378313946793637
9ea5029406691ce4v,S1B_IW_SLC__1SDV_20200905T055556_20200905T055623_023236_02C208_B2C6.SAFE,s1b-iw3-slc-vh-20200905t055556-20200905t055621-023236-02c208-003_SARFish.tiff,317400507,0,31683155,100.0,0.003407244,9.902755,-5829.0,3491.0,0.008171484,9.920275,-5466.0,6677.0,10.117381,9.701294,0.0,8863.384,8.602325,0.12165914,1.7272962,-3.1381912,3.1415927,0.0035826447,0.8995713591575623,2.1439719424705848
cd4f6ff86f9f5991v,S1B_IW_SLC__1SDV_20200912T054753_20200912T054820_023338_02C52B_D4CB.SAFE,s1b-iw1-slc-vh-20200912t054754-20200912t054819-023338-02c52b-001_SARFish.tiff,285099126,0,36100983,100.0,-0.0042107143,15.941012,-5008.0,2901.0,0.028120311,15.939708,-3522.0,4242.0,16.775265,15.059381,0.0,5021.5757,14.764824,0.07450605,1.7007873,-3.139267,3.1415927,0.009363231,0.8740281462669373,2.0355327460177612
cd4f6ff86f9f5991v,S1B_IW_SLC__1SDV_20200912T054753_20200912T054820_023338_02C52B_D4CB.SAFE,s1b-iw2-slc-vh-20200912t054755-20200912t054820-023338-02c52b-002_SARFish.tiff,331417336,0,34247421,100.0,-0.010670532,26.377373,-7688.0,6526.0,-0.0024112167,26.378878,-6700.0,7630.0,25.96464,26.78522,0.0,10197.811,17.029387,0.06362467,1.7214445,-3.1390417,3.1415927,-0.014872444,0.895854651927948,2.1269545260430474
cd4f6ff86f9f5991v,S1B_IW_SLC__1SDV_20200912T054753_20200912T054820_023338_02C52B_D4CB.SAFE,s1b-iw3-slc-vh-20200912t054753-20200912t054818-023338-02c52b-003_SARFish.tiff,318434760,0,31099445,100.0,-0.013175578,22.103113,-5522.0,4633.0,0.007838205,22.094864,-4383.0,5544.0,21.273052,22.895144,0.0,6197.1978,14.0,0.08048612,1.7276229,-3.138408,3.1415927,-0.0026504877,0.9015037566423416,2.153015034797628
b1844cde847a3942v,S1A_IW_SLC__1SDV_20200126T052956_20200126T053026_030967_038E50_4681.SAFE,s1a-iw1-slc-vh-20200126t052956-20200126t053024-030967-038e50-001_SARFish.tiff,278380208,0,1287768,100.0,0.005705912,31.760643,-4106.0,3219.0,0.019829722,31.760603,-4729.0,2947.0,33.920815,29.44226,0.0,5159.8,23.769728,0.05837064,1.8123407,-3.1396787,3.1415927,-0.14732592,0.994032243732363,3.200432551011754
b1844cde847a3942v,S1A_IW_SLC__1SDV_20200126T052956_20200126T053026_030967_038E50_4681.SAFE,s1a-iw2-slc-vh-20200126t052957-20200126t053025-030967-038e50-002_SARFish.tiff,332486856,0,2405707,100.0,0.005380273,22.532427,-2175.0,3533.0,-0.0051714736,22.54513,-3288.0,2155.0,22.450869,22.626331,0.0,3669.0857,14.866069,0.093292125,1.8133993,-3.138807,3.1415927,0.26443908,0.9932799143716693,3.163116938153613
b1844cde847a3942v,S1A_IW_SLC__1SDV_20200126T052956_20200126T053026_030967_038E50_4681.SAFE,s1a-iw3-slc-vh-20200126t052958-20200126t053026-030967-038e50-003_SARFish.tiff,321842785,0,2928627,100.0,0.010286168,22.110315,-6087.0,5569.0,0.014460971,22.114412,-6366.0,6345.0,20.374205,23.723507,0.0,7109.818,12.0,0.115389906,1.8132591,-3.14016,3.1415927,0.3262297,0.991932244040072,3.104796259740558
758991708403f218v,S1A_IW_SLC__1SDV_20200321T174430_20200321T174457_031777_03AA65_97CA.SAFE,s1a-iw1-slc-vh-20200321t174432-20200321t174457-031777-03aa65-001_SARFish.tiff,252196360,0,2380175,100.0,0.00086621,13.251132,-1479.0,1705.0,-0.0014021138,13.255285,-1895.0,2285.0,16.339481,9.182401,0.0,2390.4036,15.231546,0.08680533,1.8104869,-3.13424,3.1415927,-0.010203259,0.9904906088486314,3.0513850712135415
758991708403f218v,S1A_IW_SLC__1SDV_20200321T174430_20200321T174457_031777_03AA65_97CA.SAFE,s1a-iw2-slc-vh-20200321t174430-20200321t174455-031777-03aa65-002_SARFish.tiff,300723470,0,3488425,100.0,0.004213459,12.037507,-2003.0,1562.0,0.0015011731,12.036917,-1558.0,1055.0,13.415997,10.478589,0.0,2226.8223,12.0,0.10919186,1.8094397,-3.1397777,3.1415927,0.025648288,0.98835982196033,2.9843902363100994
758991708403f218v,S1A_IW_SLC__1SDV_20200321T174430_20200321T174457_031777_03AA65_97CA.SAFE,s1a-iw3-slc-vh-20200321t174431-20200321t174456-031777-03aa65-003_SARFish.tiff,291056354,0,3625559,100.0,0.00437462,18.782185,-3234.0,1948.0,0.020174667,18.779423,-1851.0,3218.0,16.786507,20.582884,0.0,3411.4736,10.440307,0.12546337,1.8101931,-3.1389816,3.1415927,0.22886954,0.988449857570231,2.986990964334721
cd36e75010a021f7v,S1A_IW_SLC__1SDV_20200427T054900_20200427T054928_032309_03BD1A_6DE0.SAFE,s1a-iw1-slc-vh-20200427t054901-20200427t054926-032309-03bd1a-001_SARFish.tiff,279671760,0,29851973,100.0,0.034526497,27.556137,-4682.0,4192.0,0.064492516,27.557487,-5916.0,4472.0,29.306623,25.688204,0.0,5946.4487,23.345236,0.052704476,1.715768,-3.139414,3.1415927,0.01268459,0.8914167135953903,2.107243594763662
cd36e75010a021f7v,S1A_IW_SLC__1SDV_20200427T054900_20200427T054928_032309_03BD1A_6DE0.SAFE,s1a-iw2-slc-vh-20200427t054902-20200427t054927-032309-03bd1a-002_SARFish.tiff,326084867,0,29730721,100.0,-0.00014851656,9.872242,-1190.0,971.0,-0.00069618685,9.87116,-868.0,890.0,11.599336,7.7688937,0.0,1195.5437,11.0,0.10130242,1.7354755,-3.1357787,3.1415927,-0.00031717462,0.9088313803076744,2.188627206005055
cd36e75010a021f7v,S1A_IW_SLC__1SDV_20200427T054900_20200427T054928_032309_03BD1A_6DE0.SAFE,s1a-iw3-slc-vh-20200427t054900-20200427t054928-032309-03bd1a-003_SARFish.tiff,347877634,0,30830631,100.0,0.0035362693,7.5674925,-2005.0,1225.0,0.01770766,7.5693183,-1783.0,1522.0,8.769397,6.1367803,0.0,2163.265,8.062258,0.13517295,1.7384105,-3.1403308,3.1415927,0.016453192,0.911063626408577,2.1999245752445677
fe6a8d80fb5ebb8ev,S1A_IW_SLC__1SDV_20200520T051115_20200520T051142_032644_03C7E8_E2BE.SAFE,s1a-iw1-slc-vh-20200520t051117-20200520t051142-032644-03c7e8-001_SARFish.tiff,281587512,0,31220008,100.0,0.029751828,24.909988,-2636.0,2212.0,0.0052660005,24.909729,-2831.0,3105.0,24.386797,25.422098,0.0,3253.2852,17.888544,0.05992873,1.7127051,-3.1398504,3.1415927,-0.007987872,0.8873294964432716,2.089635191850415
fe6a8d80fb5ebb8ev,S1A_IW_SLC__1SDV_20200520T051115_20200520T051142_032644_03C7E8_E2BE.SAFE,s1a-iw2-slc-vh-20200520t051115-20200520t051141-032644-03c7e8-002_SARFish.tiff,327975048,0,30052336,100.0,-0.0154992435,14.153458,-4754.0,2175.0,0.025710108,14.148758,-5310.0,3141.0,14.331166,13.968767,0.0,5641.038,12.041595,0.096209966,1.7358699,-3.1393096,3.1415927,0.019919178,0.9095898121595383,2.192440795361934
fe6a8d80fb5ebb8ev,S1A_IW_SLC__1SDV_20200520T051115_20200520T051142_032644_03C7E8_E2BE.SAFE,s1a-iw3-slc-vh-20200520t051116-20200520t051142-032644-03c7e8-003_SARFish.tiff,315333150,0,27079925,100.0,0.0015459365,19.517529,-9140.0,5304.0,0.020898279,19.485645,-5256.0,4760.0,17.759438,21.100306,0.0,9388.553,11.045361,0.10585094,1.7423795,-3.1399534,3.1415927,0.033429313,0.9159712642431259,2.225576979704512
5e9a2c1bcf179e9bv,S1A_IW_SLC__1SDV_20200904T171758_20200904T171831_034212_03F991_8544.SAFE,s1a-iw1-slc-vh-20200904t171758-20200904t171829-034212-03f991-001_SARFish.tiff,327428995,0,23578728,100.0,-0.0007310898,14.5619135,-903.0,799.0,-0.0014835002,14.56192,-750.0,857.0,17.399712,11.016021,0.0,1007.5803,16.492422,0.07267845,1.752185,-3.1366177,3.1415927,-0.00017114347,0.928017258644104,2.294048339547301
5e9a2c1bcf179e9bv,S1A_IW_SLC__1SDV_20200904T171758_20200904T171831_034212_03F991_8544.SAFE,s1a-iw2-slc-vh-20200904t171759-20200904t171830-034212-03f991-002_SARFish.tiff,385269912,0,23449952,100.0,0.0022245937,11.880058,-1326.0,944.0,0.0008297274,11.87972,-1134.0,1030.0,14.131968,9.085563,0.0,1426.8865,13.152946,0.0906747,1.7632754,-3.137511,3.1415927,0.000526776,0.9390000030398369,2.365113724387146
5e9a2c1bcf179e9bv,S1A_IW_SLC__1SDV_20200904T171758_20200904T171831_034212_03F991_8544.SAFE,s1a-iw3-slc-vh-20200904t171800-20200904t171831-034212-03f991-003_SARFish.tiff,371513142,0,21472228,100.0,0.015401202,14.815158,-2956.0,3622.0,0.01912187,14.810803,-2335.0,3064.0,15.256156,14.356111,0.0,3909.689,12.0,0.10414388,1.7670846,-3.1386428,3.1415927,0.032316666,0.942620649933815,2.390845371548927
4da9db72dea50504v,S1A_IW_SLC__1SDV_20200910T053004_20200910T053034_034292_03FC65_1F7A.SAFE,s1a-iw1-slc-vh-20200910t053004-20200910t053032-034292-03fc65-001_SARFish.tiff,278469282,0,1217992,100.0,0.012584975,36.372784,-2603.0,3806.0,0.026165856,36.37119,-3228.0,3638.0,38.17203,34.477833,0.0,4833.3584,25.01999,0.05587444,1.8122205,-3.1401517,3.1415927,-0.13988498,0.9940934618934989,3.20365272399342
4da9db72dea50504v,S1A_IW_SLC__1SDV_20200910T053004_20200910T053034_034292_03FC65_1F7A.SAFE,s1a-iw2-slc-vh-20200910t053005-20200910t053033-034292-03fc65-002_SARFish.tiff,332620266,0,2273818,100.0,0.0073416033,25.796926,-4102.0,2555.0,-0.002640191,25.798697,-2277.0,3305.0,24.949291,26.619324,0.0,4167.1523,15.264338,0.090477616,1.8138034,-3.1401265,3.1415927,0.31317827,0.9937567100860178,3.1862981673825725
4da9db72dea50504v,S1A_IW_SLC__1SDV_20200910T053004_20200910T053034_034292_03FC65_1F7A.SAFE,s1a-iw3-slc-vh-20200910t053006-20200910t053034-034292-03fc65-003_SARFish.tiff,321985015,0,2720772,100.0,0.0165935,25.362032,-4759.0,4852.0,0.013064291,25.352636,-7556.0,4715.0,23.016123,27.499908,0.0,7556.786,12.206555,0.1101114,1.8137528,-3.1402855,3.1415927,0.32056957,0.9926107502542436,3.132963157165284
fc2f57371370c521v,S1A_IW_SLC__1SDV_20200928T171759_20200928T171831_034562_0405EA_2228.SAFE,s1a-iw1-slc-vh-20200928t171759-20200928t171830-034562-0405ea-001_SARFish.tiff,327604619,0,23830234,100.0,0.00013475085,12.905828,-874.0,771.0,0.00012573999,12.9049,-1092.0,1097.0,15.409151,9.780156,0.0,1292.5236,14.56022,0.081141464,1.751877,-3.1382923,3.1415927,0.0006714779,0.9272619783878326,2.2894938470614874
fc2f57371370c521v,S1A_IW_SLC__1SDV_20200928T171759_20200928T171831_034562_0405EA_2228.SAFE,s1a-iw2-slc-vh-20200928t171800-20200928t171830-034562-0405ea-002_SARFish.tiff,385476408,0,23998106,100.0,-0.00020916974,10.317974,-806.0,843.0,-0.0015945075,10.31687,-1206.0,1309.0,12.317557,7.8215265,0.0,1439.1265,11.401754,0.101693474,1.7626718,-3.137391,3.1415927,-0.00052852917,0.9377712123095989,2.356666103504167
fc2f57371370c521v,S1A_IW_SLC__1SDV_20200928T171759_20200928T171831_034562_0405EA_2228.SAFE,s1a-iw3-slc-vh-20200928t171801-20200928t171831-034562-0405ea-003_SARFish.tiff,371761962,0,22266496,100.0,0.011587899,14.304191,-3249.0,2890.0,0.016780213,14.303915,-3277.0,3575.0,14.0493965,14.554275,0.0,4036.397,10.049876,0.1187673,1.7661178,-3.1395845,3.1415927,0.040181372,0.9409640282392502,2.3789108137978663
f9eb760aaf6e798dv,S1B_IW_SLC__1SDV_20200726T165739_20200726T165806_022645_02AFAD_6A9B.SAFE,s1b-iw1-slc-vh-20200726t165739-20200726t165804-022645-02afad-001_SARFish.tiff,283461780,0,33350981,100.0,-0.04950793,20.417902,-3842.0,6219.0,-0.02836406,20.421633,-4167.0,6617.0,19.693512,21.121054,0.0,7545.848,15.264338,0.06997987,1.7115396,-3.1400957,3.1415927,-0.0035883763,0.8847346007823944,2.0787101723233037
f9eb760aaf6e798dv,S1B_IW_SLC__1SDV_20200726T165739_20200726T165806_022645_02AFAD_6A9B.SAFE,s1b-iw2-slc-vh-20200726t165740-20200726t165805-022645-02afad-002_SARFish.tiff,329787216,0,32519850,100.0,-0.0035675124,16.276003,-2101.0,3242.0,-0.010554078,16.287352,-4786.0,1878.0,15.225176,17.273659,0.0,4791.286,11.0,0.09468209,1.7273868,-3.1404216,3.1415927,-0.015958603,0.9004461318254471,2.1480485993694836
f9eb760aaf6e798dv,S1B_IW_SLC__1SDV_20200726T165739_20200726T165806_022645_02AFAD_6A9B.SAFE,s1b-iw3-slc-vh-20200726t165741-20200726t165806-022645-02afad-003_SARFish.tiff,317069508,0,28122255,100.0,0.0008608049,26.93566,-3526.0,4211.0,0.0064491252,26.930714,-4049.0,3831.0,26.653507,27.209803,0.0,4632.6323,17.029385,0.07400713,1.7356176,-3.1390545,3.1415927,-0.0020348234,0.9103119820356369,2.1960956708816046
c8bbfb37522617e9v,S1B_IW_SLC__1SDV_20200826T054007_20200826T054034_023090_02BD74_03D2.SAFE,s1b-iw1-slc-vh-20200826t054008-20200826t054033-023090-02bd74-001_SARFish.tiff,284729256,0,34987012,100.0,0.034061875,23.358772,-6615.0,5714.0,0.049670305,23.365814,-6488.0,4063.0,23.321867,23.402575,0.0,6936.7344,17.492855,0.06597034,1.7026067,-3.1398847,3.1415927,0.018033203,0.8767718449234962,2.0463224196235195
c8bbfb37522617e9v,S1B_IW_SLC__1SDV_20200826T054007_20200826T054034_023090_02BD74_03D2.SAFE,s1b-iw2-slc-vh-20200826t054009-20200826t054034-023090-02bd74-002_SARFish.tiff,330862976,0,32270059,100.0,-0.009242276,33.28641,-5453.0,8626.0,0.008579791,33.270355,-4974.0,5180.0,37.12901,28.919708,0.0,8626.156,32.80244,0.041128423,1.7263316,-3.1396732,3.1415927,0.0014301564,0.9025814086198807,2.158118722385618
c8bbfb37522617e9v,S1B_IW_SLC__1SDV_20200826T054007_20200826T054034_023090_02BD74_03D2.SAFE,s1b-iw3-slc-vh-20200826t054007-20200826t054032-023090-02bd74-003_SARFish.tiff,317950840,0,31667346,100.0,0.009413084,15.194525,-3645.0,3220.0,0.004760195,15.194626,-3227.0,3988.0,13.63571,16.607868,0.0,4734.1045,9.055386,0.11446892,1.7257746,-3.1402733,3.1415927,-0.0020126798,0.8983103856444359,2.138144102505659
844545c005776fb1v,S1A_IW_SLC__1SDV_20200126T175310_20200126T175337_030975_038E94_D249.SAFE,s1a-iw1-slc-vh-20200126t175312-20200126t175337-030975-038e94-001_SARFish.tiff,255261568,0,5180297,100.0,-0.00880554,14.993967,-2046.0,2053.0,-0.00916977,14.987372,-1676.0,1568.0,17.45286,12.034937,0.0,2650.2424,15.652476,0.08249594,1.8007026,-3.1369631,3.1415927,-0.019510344,0.9798015169799328,2.7936169298640245
844545c005776fb1v,S1A_IW_SLC__1SDV_20200126T175310_20200126T175337_030975_038E94_D249.SAFE,s1a-iw2-slc-vh-20200126t175310-20200126t175335-030975-038e94-002_SARFish.tiff,303378732,0,4185661,100.0,0.00932219,36.709267,-4150.0,6800.0,0.0011623063,36.70957,-3905.0,3661.0,41.929623,30.6116,0.0,7722.8833,35.35534,0.04870824,1.8043743,-3.1399875,3.1415927,0.078958414,0.9860839350149035,2.92393958620621
844545c005776fb1v,S1A_IW_SLC__1SDV_20200126T175310_20200126T175337_030975_038E94_D249.SAFE,s1a-iw3-slc-vh-20200126t175311-20200126t175336-030975-038e94-003_SARFish.tiff,293088387,0,2927491,100.0,0.0022975765,34.977734,-2347.0,3756.0,0.015266695,34.97737,-3167.0,3391.0,41.720894,26.574684,0.0,4402.176,37.48333,0.041508045,1.8075045,-3.140338,3.1415927,0.030589314,0.9898831015452743,3.031022315622961
a1a21a222e244555v,S1A_IW_SLC__1SDV_20200214T174430_20200214T174457_031252_03982E_1D44.SAFE,s1a-iw1-slc-vh-20200214t174432-20200214t174457-031252-03982e-001_SARFish.tiff,252196360,0,2407196,100.0,-0.0018620729,13.087483,-1673.0,1301.0,-0.0006704419,13.085782,-1120.0,1222.0,16.13766,9.060726,0.0,2013.2881,15.033297,0.088145845,1.8106424,-3.1379564,3.1415927,-0.00676744,0.9905399717390537,3.0530902078084012
a1a21a222e244555v,S1A_IW_SLC__1SDV_20200214T174430_20200214T174457_031252_03982E_1D44.SAFE,s1a-iw2-slc-vh-20200214t174430-20200214t174455-031252-03982e-002_SARFish.tiff,300846532,0,3584351,100.0,0.0028515868,11.85081,-2078.0,1388.0,0.0001613281,11.8474455,-1654.0,1428.0,13.176469,10.35287,0.0,2358.6445,11.661903,0.11083848,1.8093537,-3.1380212,3.1415927,0.017266937,0.9881664393469691,2.9788640993634146
a1a21a222e244555v,S1A_IW_SLC__1SDV_20200214T174430_20200214T174457_031252_03982E_1D44.SAFE,s1a-iw3-slc-vh-20200214t174431-20200214t174456-031252-03982e-003_SARFish.tiff,291103920,0,3780229,100.0,0.0007721744,18.56963,-1841.0,3427.0,0.020398293,18.573486,-2317.0,2244.0,16.47934,20.450918,0.0,3725.8252,10.049876,0.1292948,1.8102441,-3.1392117,3.1415927,0.24353313,0.9882711144164205,2.981845276499946
377410f6ab9824dfv,S1A_IW_SLC__1SDV_20200407T052956_20200407T053026_032017_03B2E2_18FA.SAFE,s1a-iw1-slc-vh-20200407t052956-20200407t053024-032017-03b2e2-001_SARFish.tiff,278482848,0,1252164,100.0,0.022545274,34.795174,-3902.0,3460.0,0.020005114,34.80029,-2857.0,4313.0,36.70643,32.778133,0.0,4930.9297,24.5153,0.05679495,1.8119979,-3.1396658,3.1415927,-0.14563178,0.9938545408658683,3.1912511095348286
377410f6ab9824dfv,S1A_IW_SLC__1SDV_20200407T052956_20200407T053026_032017_03B2E2_18FA.SAFE,s1a-iw2-slc-vh-20200407t052957-20200407t053025-032017-03b2e2-002_SARFish.tiff,332571272,0,2310532,100.0,0.00048209517,25.20064,-2312.0,2227.0,-0.004483334,25.210306,-3335.0,2840.0,24.429298,25.958408,0.0,3527.9243,15.033297,0.09174211,1.813916,-3.1402266,3.1415927,0.32322544,0.9937905156984925,3.188001703174119
377410f6ab9824dfv,S1A_IW_SLC__1SDV_20200407T052956_20200407T053026_032017_03B2E2_18FA.SAFE,s1a-iw3-slc-vh-20200407t052958-20200407t053026-032017-03b2e2-003_SARFish.tiff,321937605,0,2882714,100.0,0.0126906885,23.92189,-6784.0,5073.0,0.0095192045,23.938885,-6606.0,4509.0,21.75936,25.920202,0.0,8098.493,12.041595,0.11353191,1.8134135,-3.1400776,3.1415927,0.31952077,0.9921439625322819,3.1133496233571187
fc483682c621b54bv,S1A_IW_SLC__1SDV_20200414T174431_20200414T174458_032127_03B6BD_BBB0.SAFE,s1a-iw1-slc-vh-20200414t174433-20200414t174458-032127-03b6bd-001_SARFish.tiff,252175722,0,2376915,100.0,0.0004849198,13.266615,-1252.0,969.0,0.00080816663,13.268471,-1909.0,1380.0,16.361198,9.185086,0.0,1920.2982,15.264338,0.087199904,1.8105967,-3.1388302,3.1415927,0.0045415945,0.9905755575746298,3.0543243791417916
fc483682c621b54bv,S1A_IW_SLC__1SDV_20200414T174431_20200414T174458_032127_03B6BD_BBB0.SAFE,s1a-iw2-slc-vh-20200414t174431-20200414t174456-032127-03b6bd-002_SARFish.tiff,300772648,0,3531813,100.0,0.00501267,11.946958,-2203.0,2018.0,0.0027283498,11.943534,-1001.0,1522.0,13.311654,10.40086,0.0,2286.6958,11.704699,0.11006734,1.8092686,-3.1392398,3.1415927,0.026825454,0.9881821842864156,2.9793110209865885
fc483682c621b54bv,S1A_IW_SLC__1SDV_20200414T174431_20200414T174458_032127_03B6BD_BBB0.SAFE,s1a-iw3-slc-vh-20200414t174432-20200414t174457-032127-03b6bd-003_SARFish.tiff,291080137,0,3685987,100.0,0.002555097,18.55567,-3257.0,2300.0,0.019753838,18.552883,-2802.0,1651.0,16.58942,20.329947,0.0,3383.899,10.29563,0.12661476,1.8104014,-3.1387107,3.1415927,0.21833085,0.988550391048193,2.9899162872046148
3ceef682fbe4930av,S1A_IW_SLC__1SDV_20200503T051344_20200503T051413_032396_03C03F_CD9E.SAFE,s1a-iw1-slc-vh-20200503t051344-20200503t051411-032396-03c03f-001_SARFish.tiff,279823562,0,2101215,100.0,-0.00645882,44.590427,-4087.0,3773.0,0.019782418,44.588352,-2945.0,3097.0,51.445507,36.466347,0.0,4263.576,44.14748,0.03803569,1.8093283,-3.1392174,3.1415927,-0.015070152,0.9921102356165648,3.1119733312651414
3ceef682fbe4930av,S1A_IW_SLC__1SDV_20200503T051344_20200503T051413_032396_03C03F_CD9E.SAFE,s1a-iw2-slc-vh-20200503t051345-20200503t051412-032396-03c03f-002_SARFish.tiff,333699870,0,2136682,100.0,0.020215705,40.32849,-3693.0,4502.0,-0.02418739,40.327446,-3559.0,5232.0,47.185028,32.03576,0.0,5287.0547,42.107006,0.039889254,1.8106769,-3.1411161,3.1415927,0.031742983,0.9934806944802403,3.1726920506380782
3ceef682fbe4930av,S1A_IW_SLC__1SDV_20200503T051344_20200503T051413_032396_03C03F_CD9E.SAFE,s1a-iw3-slc-vh-20200503t051346-20200503t051413-032396-03c03f-003_SARFish.tiff,322922199,0,1292277,100.0,-0.0029679006,38.123837,-7767.0,4356.0,0.018534616,38.120087,-4253.0,4311.0,45.353943,29.14783,0.0,8279.942,41.0,0.038986407,1.8128973,-3.1405034,3.1415927,0.08677453,0.9959782054647803,3.32145361977641
36076e547370064ev,S1A_IW_SLC__1SDV_20200613T051117_20200613T051144_032994_03D25F_B3C5.SAFE,s1a-iw1-slc-vh-20200613t051119-20200613t051144-032994-03d25f-001_SARFish.tiff,281518518,0,31267841,100.0,0.031135788,23.525137,-3273.0,3079.0,0.0060181296,23.527145,-2941.0,2379.0,23.19257,23.85495,0.0,3891.0002,17.464249,0.061709043,1.7126251,-3.1397476,3.1415927,-0.007059744,0.887182354927063,2.08901054291269
36076e547370064ev,S1A_IW_SLC__1SDV_20200613T051117_20200613T051144_032994_03D25F_B3C5.SAFE,s1a-iw2-slc-vh-20200613t051117-20200613t051142-032994-03d25f-002_SARFish.tiff,328028560,0,30178424,100.0,-0.015195457,13.58889,-2955.0,3930.0,0.02881872,13.590289,-2324.0,2739.0,13.838811,13.335722,0.0,3934.3992,11.704699,0.099234,1.7355324,-3.138764,3.1415927,0.023285469,0.9091746583580971,2.1903501726169674
36076e547370064ev,S1A_IW_SLC__1SDV_20200613T051117_20200613T051144_032994_03D25F_B3C5.SAFE,s1a-iw3-slc-vh-20200613t051118-20200613t051143-032994-03d25f-003_SARFish.tiff,315204600,0,27100046,100.0,0.0019957228,18.567926,-5990.0,4539.0,0.023591943,18.563437,-5215.0,6233.0,17.145765,19.884508,0.0,8644.675,11.0,0.10742632,1.7424288,-3.1398444,3.1415927,0.034169752,0.9159511774778366,2.2254695812255414
13dd786ee6c95e06v,S1A_IW_SLC__1SDV_20200618T051929_20200618T051956_033067_03D4A2_167D.SAFE,s1a-iw1-slc-vh-20200618t051931-20200618t051956-033067-03d4a2-001_SARFish.tiff,282122614,0,31751067,100.0,-0.021433031,26.417208,-6019.0,5525.0,0.0024076058,26.43216,-6676.0,7898.0,26.514791,26.33404,0.0,9638.674,19.924858,0.054518204,1.7125847,-3.140299,3.1415927,-0.008554868,0.887226864695549,2.0891994306326436
13dd786ee6c95e06v,S1A_IW_SLC__1SDV_20200618T051929_20200618T051956_033067_03D4A2_167D.SAFE,s1a-iw2-slc-vh-20200618t051929-20200618t051954-033067-03d4a2-002_SARFish.tiff,328456216,0,29165922,100.0,0.012984142,31.310396,-5264.0,7205.0,0.0048101083,31.31075,-4665.0,6280.0,33.960255,28.414883,0.0,7349.063,28.23119,0.047966547,1.7344767,-3.1401222,3.1415927,0.0109614,0.9110110253095627,2.199655789802791
13dd786ee6c95e06v,S1A_IW_SLC__1SDV_20200618T051929_20200618T051956_033067_03D4A2_167D.SAFE,s1a-iw3-slc-vh-20200618t051930-20200618t051955-033067-03d4a2-003_SARFish.tiff,315757533,0,25443519,100.0,0.0018086156,31.847193,-5748.0,5519.0,0.019314665,31.846697,-5430.0,5167.0,35.52679,27.682276,0.0,6154.99,31.320919,0.041654557,1.7421429,-3.1410532,3.1415927,0.0043000504,0.9193558320403099,2.243973613920936
9b89b9dcce7dc85ev,S1A_IW_SLC__1SDV_20200630T053000_20200630T053030_033242_03D9F7_9D63.SAFE,s1a-iw1-slc-vh-20200630t053000-20200630t053028-033242-03d9f7-001_SARFish.tiff,278482848,0,1213401,100.0,0.010746773,36.05367,-4586.0,3219.0,0.026731683,36.05214,-4217.0,3323.0,38.048824,33.939957,0.0,4896.8853,25.317976,0.055449765,1.8121717,-3.140322,3.1415927,-0.118660204,0.9941484066657722,3.2065686613567697
9b89b9dcce7dc85ev,S1A_IW_SLC__1SDV_20200630T053000_20200630T053030_033242_03D9F7_9D63.SAFE,s1a-iw2-slc-vh-20200630t053001-20200630t053029-033242-03d9f7-002_SARFish.tiff,332620266,0,2196878,100.0,0.0007407907,26.30643,-1862.0,4152.0,-0.010889486,26.305725,-2470.0,2871.0,25.502388,27.085985,0.0,4325.56,15.652476,0.08809387,1.8141092,-3.1400797,3.1415927,0.28787094,0.994193468708545,3.2089786257480646
9b89b9dcce7dc85ev,S1A_IW_SLC__1SDV_20200630T053000_20200630T053030_033242_03D9F7_9D63.SAFE,s1a-iw3-slc-vh-20200630t053002-20200630t053030-033242-03d9f7-003_SARFish.tiff,321961310,0,2528673,100.0,0.011219478,26.301428,-5906.0,6469.0,0.016152112,26.30099,-4461.0,6086.0,23.930492,28.475256,0.0,7000.638,12.999999,0.10688786,1.8141493,-3.1401134,3.1415927,0.3783009,0.9931457652710378,3.156861925746074
590dd08f71056cacv,S1A_IW_SLC__1SDV_20200724T053002_20200724T053032_033592_03E4A8_F5D5.SAFE,s1a-iw1-slc-vh-20200724t053002-20200724t053030-033592-03e4a8-001_SARFish.tiff,278503376,0,1232081,100.0,0.01187456,35.603558,-4104.0,4434.0,0.01900267,35.594337,-3104.0,4881.0,37.56538,33.517277,0.0,4997.763,25.079872,0.055478662,1.8122847,-3.1393354,3.1415927,-0.16503555,0.9941429379396141,3.206277329239173
590dd08f71056cacv,S1A_IW_SLC__1SDV_20200724T053002_20200724T053032_033592_03E4A8_F5D5.SAFE,s1a-iw2-slc-vh-20200724t053003-20200724t053031-033592-03e4a8-002_SARFish.tiff,332644763,0,2271444,100.0,0.003714903,24.296038,-3606.0,2369.0,-0.0076920013,24.296034,-1895.0,3222.0,23.960049,24.627403,0.0,3620.0825,15.297058,0.08995501,1.8137482,-3.1397374,3.1415927,0.27185053,0.9937804383225739,3.187493010057074
590dd08f71056cacv,S1A_IW_SLC__1SDV_20200724T053002_20200724T053032_033592_03E4A8_F5D5.SAFE,s1a-iw3-slc-vh-20200724t053004-20200724t053032-033592-03e4a8-003_SARFish.tiff,321961310,0,2659280,100.0,0.011816301,23.506577,-5893.0,3669.0,0.008916658,23.525146,-6145.0,4897.0,21.745594,25.161983,0.0,6569.4253,12.369316,0.10977587,1.8136528,-3.140501,3.1415927,0.33230302,0.9926158017478883,3.1331814289199666
0e309957cef7bdc8v,S1A_IW_SLC__1SDV_20200824T052155_20200824T052225_034044_03F3B6_EA99.SAFE,s1a-iw1-slc-vh-20200824t052155-20200824t052223-034044-03f3b6-001_SARFish.tiff,279133556,0,1260081,100.0,0.004017396,48.401943,-7409.0,9883.0,0.002913376,48.43503,-10348.0,7849.0,57.034653,37.891277,0.0,12307.555,51.623634,0.029467206,1.8117877,-3.1407335,3.1415927,0.0019638876,0.9954381724819541,3.283300767289526
0e309957cef7bdc8v,S1A_IW_SLC__1SDV_20200824T052155_20200824T052225_034044_03F3B6_EA99.SAFE,s1a-iw2-slc-vh-20200824t052156-20200824t052224-034044-03f3b6-002_SARFish.tiff,333155040,0,1126407,100.0,-0.001548105,40.947296,-4268.0,3882.0,-0.0029005895,40.946243,-3730.0,3801.0,49.541016,29.982777,0.0,4662.833,45.177425,0.033484694,1.8132068,-3.1402557,3.1415927,-0.00916091,0.9966448801569641,3.3755792950160126
0e309957cef7bdc8v,S1A_IW_SLC__1SDV_20200824T052155_20200824T052225_034044_03F3B6_EA99.SAFE,s1a-iw3-slc-vh-20200824t052157-20200824t052225-034044-03f3b6-003_SARFish.tiff,322426521,0,1760085,100.0,0.013869932,32.960327,-7016.0,5876.0,0.015250284,32.96525,-7240.0,3564.0,36.4781,29.02479,0.0,9324.43,29.681644,0.06561958,1.8142203,-3.1406684,3.1415927,0.3500795,0.9953544298186898,3.277755684190664
7b7e837a7ac5a880v,S1A_IW_SLC__1SDV_20200831T051418_20200831T051446_034146_03F756_2E58.SAFE,s1a-iw1-slc-vh-20200831t051418-20200831t051446-034146-03f756-001_SARFish.tiff,279933832,0,2917346,100.0,0.029924557,21.359135,-5613.0,5044.0,0.014347476,21.353613,-5041.0,4438.0,21.48697,21.224869,0.0,7155.5303,17.0,0.07846626,1.8081207,-3.1399825,3.1415927,-0.025770118,0.9884331040084362,2.986505668681709
7b7e837a7ac5a880v,S1A_IW_SLC__1SDV_20200831T051418_20200831T051446_034146_03F756_2E58.SAFE,s1a-iw2-slc-vh-20200831t051419-20200831t051444-034146-03f756-002_SARFish.tiff,300846294,0,3840230,100.0,-0.004622001,10.484723,-1365.0,1275.0,0.008856104,10.484218,-1414.0,1070.0,12.785982,7.5078397,0.0,1585.2006,12.0,0.10990536,1.8087307,-3.1359746,3.1415927,0.044904303,0.9875423181802034,2.961559667711523
7b7e837a7ac5a880v,S1A_IW_SLC__1SDV_20200831T051418_20200831T051446_034146_03F756_2E58.SAFE,s1a-iw3-slc-vh-20200831t051420-20200831t051445-034146-03f756-003_SARFish.tiff,291150076,0,4068522,100.0,-0.005148132,11.62169,-1906.0,1845.0,0.027898293,11.621518,-1330.0,1432.0,11.559469,11.683448,0.0,1924.6632,9.219544,0.1392021,1.8087597,-3.1385624,3.1415927,0.18517709,0.986662220209837,2.9384195360321166
128443d1e98e2839v,S1A_IW_SLC__1SDV_20200907T050725_20200907T050752_034248_03FAD3_1672.SAFE,s1a-iw1-slc-vh-20200907t050727-20200907t050752-034248-03fad3-001_SARFish.tiff,254943744,0,4536589,100.0,0.029810142,39.553402,-1013.0,611.0,0.019086478,39.555264,-700.0,1101.0,44.731884,33.58796,0.0,1259.1752,36.345562,0.043821197,1.7990206,-3.1382923,3.1415927,0.001500946,0.9806132055819035,2.8082603671285438
128443d1e98e2839v,S1A_IW_SLC__1SDV_20200907T050725_20200907T050752_034248_03FAD3_1672.SAFE,s1a-iw2-slc-vh-20200907t050725-20200907t050750-034248-03fad3-002_SARFish.tiff,303294659,0,5963905,100.0,-0.013428172,18.576933,-5380.0,4667.0,-0.015166225,18.580042,-4634.0,4803.0,18.015167,19.125177,0.0,7056.7495,13.038404,0.099259555,1.8027488,-3.1378262,3.1415927,0.043273844,0.9812637362629175,2.820388056894892
128443d1e98e2839v,S1A_IW_SLC__1SDV_20200907T050725_20200907T050752_034248_03FAD3_1672.SAFE,s1a-iw3-slc-vh-20200907t050726-20200907t050751-034248-03fad3-003_SARFish.tiff,292976094,0,6432143,100.0,0.0047595487,8.030575,-64.0,65.0,0.017629886,8.031495,-63.0,62.0,9.684637,5.9332123,0.0,68.007355,8.944272,0.14069639,1.8003675,-3.1234128,3.1415927,0.06304645,0.9776488672941923,2.7571283172378567
65d6f6baee882077v,S1A_IW_SLC__1SDV_20201121T175319_20201121T175346_035350_04214D_710B.SAFE,s1a-iw1-slc-vh-20201121t175320-20201121t175346-035350-04214d-001_SARFish.tiff,255240686,0,5149013,100.0,-0.0050454536,15.065042,-1438.0,1561.0,-0.015185788,15.062782,-2268.0,1348.0,17.546078,12.082186,0.0,2269.906,16.0,0.081425376,1.8005873,-3.1387994,3.1415927,-0.032162562,0.9797654002904892,2.7929773657997794
65d6f6baee882077v,S1A_IW_SLC__1SDV_20201121T175319_20201121T175346_035350_04214D_710B.SAFE,s1a-iw2-slc-vh-20201121t175319-20201121t175344-035350-04214d-002_SARFish.tiff,303391295,0,4130900,100.0,0.025621397,38.400467,-4332.0,3379.0,-0.0026454187,38.403927,-4562.0,6706.0,43.956577,31.894821,0.0,7450.2983,37.363083,0.04697747,1.8041995,-3.140047,3.1415927,0.076465905,0.9860549289733171,2.9232273823880344
65d6f6baee882077v,S1A_IW_SLC__1SDV_20201121T175319_20201121T175346_035350_04214D_710B.SAFE,s1a-iw3-slc-vh-20201121t175320-20201121t175345-035350-04214d-003_SARFish.tiff,293136289,0,2836013,100.0,0.0029600395,37.523525,-3058.0,3453.0,0.022825312,37.521614,-2726.0,4040.0,45.0791,27.995846,0.0,4069.129,41.012196,0.038543385,1.8076609,-3.1394234,3.1415927,0.044914983,0.9902795506641269,3.044182462865123
0d8ed29b0760dc59v,S1B_IW_SLC__1SDV_20200514T051033_20200514T051100_021573_028F48_FFD5.SAFE,s1b-iw1-slc-vh-20200514t051035-20200514t051100-021573-028f48-001_SARFish.tiff,282527856,0,32451956,100.0,-0.02481568,23.772585,-3732.0,2549.0,-0.0075237397,23.781244,-3073.0,2625.0,22.796947,24.718086,0.0,3981.1167,16.155495,0.067997456,1.7131664,-3.1392725,3.1415927,0.0042937514,0.886833019554615,2.0875300467021165
0d8ed29b0760dc59v,S1B_IW_SLC__1SDV_20200514T051033_20200514T051100_021573_028F48_FFD5.SAFE,s1b-iw2-slc-vh-20200514t051033-20200514t051058-021573-028f48-002_SARFish.tiff,329083515,0,31868833,100.0,0.019956162,12.507156,-4444.0,2209.0,-0.020374324,12.501093,-2016.0,3322.0,12.387046,12.62017,0.0,4455.868,10.198039,0.10105186,1.7284793,-3.1398861,3.1415927,-0.01789156,0.9014171063899994,2.152606571217484
0d8ed29b0760dc59v,S1B_IW_SLC__1SDV_20200514T051033_20200514T051100_021573_028F48_FFD5.SAFE,s1b-iw3-slc-vh-20200514t051034-20200514t051059-021573-028f48-003_SARFish.tiff,316551204,0,29018328,100.0,0.013672521,16.583614,-8616.0,2757.0,0.00060894096,16.552456,-4912.0,4524.0,14.944994,18.045706,0.0,8618.707,9.433981,0.11048241,1.732063,-3.1401894,3.1415927,-0.009739405,0.9050878435373306,2.17016288972304
acf76647ba3f524bv,S1B_IW_SLC__1SDV_20200615T054003_20200615T054030_022040_029D41_DDDC.SAFE,s1b-iw1-slc-vh-20200615t054003-20200615t054029-022040-029d41-001_SARFish.tiff,284427045,0,35059041,100.0,0.032105215,21.226536,-6418.0,3872.0,0.048477907,21.216661,-4537.0,4328.0,21.09989,21.342714,0.0,7529.3223,16.492422,0.06953783,1.7022718,-3.1387916,3.1415927,0.017706819,0.8762717917561531,2.0443424312179697
acf76647ba3f524bv,S1B_IW_SLC__1SDV_20200615T054003_20200615T054030_022040_029D41_DDDC.SAFE,s1b-iw2-slc-vh-20200615t054004-20200615t054030-022040-029d41-002_SARFish.tiff,330647008,0,32469417,100.0,-0.014709847,28.176535,-7925.0,4926.0,0.013802668,28.193233,-9249.0,7326.0,30.32746,25.865664,0.0,9819.409,25.079874,0.04997747,1.7263541,-3.1401742,3.1415927,0.0031807374,0.9020399749279022,2.1555490209948855
acf76647ba3f524bv,S1B_IW_SLC__1SDV_20200615T054003_20200615T054030_022040_029D41_DDDC.SAFE,s1b-iw3-slc-vh-20200615t054003-20200615t054028-022040-029d41-003_SARFish.tiff,317898972,0,32078295,100.0,0.008294535,12.858862,-3993.0,3724.0,0.0047025946,12.849538,-3727.0,3715.0,11.808691,13.820878,0.0,4480.5913,8.246211,0.12218919,1.724966,-3.1396086,3.1415927,-0.0014845073,0.8971625715494156,2.132888136888345
9a5aa7310c195f14v,S1B_IW_SLC__1SDV_20200823T051851_20200823T051918_023046_02BC20_FDFA.SAFE,s1b-iw1-slc-vh-20200823t051853-20200823t051918-023046-02bc20-001_SARFish.tiff,282689472,0,32371082,100.0,0.018887997,24.447706,-5332.0,5815.0,0.0021613222,24.45958,-8482.0,5882.0,24.019945,24.880068,0.0,8482.085,17.888544,0.06355656,1.7118258,-3.1403747,3.1415927,0.0065227025,0.886015996336937,2.0840811688503393
9a5aa7310c195f14v,S1B_IW_SLC__1SDV_20200823T051851_20200823T051918_023046_02BC20_FDFA.SAFE,s1b-iw2-slc-vh-20200823t051851-20200823t051916-023046-02bc20-002_SARFish.tiff,329083515,0,29897941,100.0,-0.010947947,29.276749,-4616.0,4312.0,-0.004471628,29.280876,-6431.0,5642.0,31.28866,27.120457,0.0,6778.0264,25.553865,0.048622746,1.7329835,-3.1394045,3.1415927,-0.009270499,0.9089866206049919,2.1894057444675834
9a5aa7310c195f14v,S1B_IW_SLC__1SDV_20200823T051851_20200823T051918_023046_02BC20_FDFA.SAFE,s1b-iw3-slc-vh-20200823t051852-20200823t051917-023046-02bc20-003_SARFish.tiff,316267371,0,26182545,100.0,0.001939982,29.960432,-5235.0,5937.0,0.00666081,29.947424,-5702.0,4571.0,32.780293,26.831316,0.0,6383.55,28.301943,0.044965487,1.7402991,-3.1400204,3.1415927,0.0018418386,0.91712386906147,2.231774264683647
94dca5e4de2edcf8v,S1B_IW_SLC__1SDV_20201013T054008_20201013T054035_023790_02D350_04D0.SAFE,s1b-iw1-slc-vh-20201013t054009-20201013t054034-023790-02d350-001_SARFish.tiff,284636268,0,35120348,100.0,0.039525144,20.07475,-5304.0,4751.0,0.045859087,20.072212,-4626.0,7558.0,20.447,19.692966,0.0,8834.3,16.27882,0.07048709,1.7019278,-3.1393554,3.1415927,0.017756503,0.8758852109313011,2.042815911086495
94dca5e4de2edcf8v,S1B_IW_SLC__1SDV_20201013T054008_20201013T054035_023790_02D350_04D0.SAFE,s1b-iw2-slc-vh-20201013t054010-20201013t054035-023790-02d350-002_SARFish.tiff,330781988,0,32423713,100.0,-0.0059878984,28.977694,-6916.0,5841.0,0.015495502,28.973337,-7519.0,6589.0,32.277737,25.245028,0.0,9521.169,28.319605,0.04594299,1.7260902,-3.1407537,3.1415927,0.003472324,0.9020422250032425,2.155559676994173
94dca5e4de2edcf8v,S1B_IW_SLC__1SDV_20201013T054008_20201013T054035_023790_02D350_04D0.SAFE,s1b-iw3-slc-vh-20201013t054008-20201013t054033-023790-02d350-003_SARFish.tiff,317898972,0,31751601,100.0,0.0068865684,13.958346,-3346.0,4234.0,0.0021692489,13.956314,-4187.0,3346.0,12.987852,14.863776,0.0,4694.6284,9.0,0.11471979,1.725904,-3.1390285,3.1415927,-0.0044778045,0.8983002230525017,2.1380973640926486
